{"Ag": {"emt_energy": -0.0003715991884812844, "emt_volume": 16.77414128246038, "emt_B": 0.6244970791877672, "emt_Bp": 4.752430752043897}, "Pd": {"emt_energy": -0.0002730302125942158, "emt_volume": 14.589250784205765, "emt_B": 1.1261453666170822, "emt_Bp": 5.170272157577246}, "Al": {"emt_energy": -0.004883769229804956, "emt_volume": 15.930602757781124, "emt_B": 0.2477737009791328, "emt_Bp": 2.7240673741820145}, "Cu": {"emt_energy": -0.00703562679538465, "emt_volume": 11.565376997485778, "emt_B": 0.8389025955106075, "emt_Bp": 4.213157427679797}, "Ni": {"emt_energy": -0.01331458390803234, "emt_volume": 10.599772269830929, "emt_B": 1.0999232073786303, "emt_Bp": 3.7558369721013345}, "Au": {"emt_energy": -0.0001354977404389928, "emt_volume": 16.683701446932364, "emt_B": 1.086742158600709, "emt_Bp": 5.456700172198174}, "Pt": {"emt_energy": -0.000155682531196755, "emt_volume": 15.079715094471556, "emt_B": 1.7393347986696133, "emt_Bp": 5.306476664790761}}