{"Cu": {"emt_energy": -0.007035626796135501, "emt_volume": 11.56537699745339, "emt_B": 0.8389025956476384, "emt_Bp": 4.213157431769553}, "Ni": {"emt_energy": -0.013314583900443515, "emt_volume": 10.599772269874412, "emt_B": 1.0999232051735748, "emt_Bp": 3.7558369005895704}, "Pd": {"emt_energy": -0.0002730302111365359, "emt_volume": 14.589250784256658, "emt_B": 1.126145366711096, "emt_Bp": 5.170272158719747}, "Ag": {"emt_energy": -0.0003715991752153423, "emt_volume": 16.774141284116233, "emt_B": 0.6244970811764224, "emt_Bp": 4.752430800043505}, "Pt": {"emt_energy": -0.00015568254185204588, "emt_volume": 15.079715094497926, "emt_B": 1.7393347998259172, "emt_Bp": 5.306476681329624}, "Al": {"emt_energy": -0.0048837692299774195, "emt_volume": 15.930602757780381, "emt_B": 0.2477737010143839, "emt_Bp": 2.724067379262287}, "Au": {"emt_energy": -0.0001354976793702771, "emt_volume": 16.683701449665143, "emt_B": 1.0867421627202007, "emt_Bp": 5.456700218649881}}